total_pnl,avg_daily_pnl,win_rate,sharpe_ratio,max_drawdown,total_trades,winning_trades,losing_trades,avg_win,avg_loss,max_win,max_loss,profit_factor
101179.99999999907,488.79227053139647,58.454106280193244,0.1457929307719947,19975.00000000003,1001,470,531,1167.1861702127649,-842.5564971751421,11361.25,-4973.750000000001,1.2261523589201972
